{
    "site.sql": {
        "dbtype": "mysqli",
        "dbtech": "mysql",
        "dbname": "theforest_berse",
        "sqlfile": "site.sql",
        "marker": "\n\/**ABDB**\/",
        "dbhost": "localhost",
        "dbuser": "root",
        "dbpass": null,
        "prefix": "gd1bn_",
        "parts": 4,
        "tables": [
            "#__action_log_config",
            "#__action_logs",
            "#__action_logs_extensions",
            "#__action_logs_users",
            "#__ak_profiles",
            "#__ak_stats",
            "#__ak_storage",
            "#__akeeba_common",
            "#__assets",
            "#__associations",
            "#__banner_clients",
            "#__banner_tracks",
            "#__banners",
            "#__categories",
            "#__contact_details",
            "#__content",
            "#__content_frontpage",
            "#__content_rating",
            "#__content_types",
            "#__contentitem_tag_map",
            "#__core_log_searches",
            "#__extensions",
            "#__fields",
            "#__fields_categories",
            "#__fields_groups",
            "#__fields_values",
            "#__finder_filters",
            "#__finder_links",
            "#__finder_links_terms0",
            "#__finder_links_terms1",
            "#__finder_links_terms2",
            "#__finder_links_terms3",
            "#__finder_links_terms4",
            "#__finder_links_terms5",
            "#__finder_links_terms6",
            "#__finder_links_terms7",
            "#__finder_links_terms8",
            "#__finder_links_terms9",
            "#__finder_links_termsa",
            "#__finder_links_termsb",
            "#__finder_links_termsc",
            "#__finder_links_termsd",
            "#__finder_links_termse",
            "#__finder_links_termsf",
            "#__finder_taxonomy",
            "#__finder_taxonomy_map",
            "#__finder_terms",
            "#__finder_terms_common",
            "#__finder_tokens",
            "#__finder_tokens_aggregate",
            "#__finder_types",
            "#__languages",
            "#__menu",
            "#__menu_types",
            "#__messages",
            "#__messages_cfg",
            "#__modules",
            "#__modules_menu",
            "#__newsfeeds",
            "#__overrider",
            "#__postinstall_messages",
            "#__privacy_consents",
            "#__privacy_requests",
            "#__redirect_links",
            "#__revslider_css",
            "#__revslider_layer_animations",
            "#__revslider_settings",
            "#__revslider_sliders",
            "#__revslider_slides",
            "#__revslider_static_slides",
            "#__schemas",
            "#__session",
            "#__spmedia",
            "#__sppagebuilder",
            "#__sppagebuilder_addons",
            "#__sppagebuilder_integrations",
            "#__sppagebuilder_languages",
            "#__sppagebuilder_sections",
            "#__tags",
            "#__template_styles",
            "#__ucm_base",
            "#__ucm_content",
            "#__ucm_history",
            "#__update_sites",
            "#__update_sites_extensions",
            "#__updates",
            "#__user_keys",
            "#__user_notes",
            "#__user_profiles",
            "#__user_usergroup_map",
            "#__usergroups",
            "#__users",
            "#__utf8_conversion",
            "#__viewlevels"
        ]
    }
}